{"returns":0.9176122546195984,"actor_loss":-1.6291161273329635e-06,"env_step":9986048,"win_rate":0.1276102066040039,"_timestamp":1.7454288274282625e+09,"approx_kl":1.2314848163441638e-07,"clip_frac":0,"value_loss":0.01157589815557003,"_wandb":{"runtime":220},"ratio_0":1,"entropy":0.015750035643577576,"total_loss":0.011574268341064453,"_runtime":219.766646487,"_step":1219,"ratio":1.0000011920928955}