{"ratio_0":1,"entropy":0.007834682241082191,"clip_frac":0,"win_rate":0.2678132653236389,"_runtime":215.478314881,"env_step":9986048,"_timestamp":1.7454285057765362e+09,"ratio":1.0000017881393433,"total_loss":0.016390478238463402,"_wandb":{"runtime":215},"_step":1219,"actor_loss":2.47324351221323e-07,"value_loss":0.016390230506658554,"approx_kl":4.344710546888564e-08,"returns":1.1156131029129028}