{"entropy":0.16736823320388794,"ratio":1.0000009536743164,"value_loss":0.00013895868323743343,"approx_kl":2.9054922379145864e-07,"env_step":9986048,"_timestamp":1.7454292811452565e+09,"win_rate":0,"_step":1219,"ratio_0":1,"actor_loss":-9.21277933230158e-06,"_wandb":{"runtime":158},"returns":0.629837691783905,"_runtime":158.55259854,"clip_frac":0,"total_loss":0.00012974590936210006}