{"win_rate":1,"clip_frac":0,"_runtime":162.279019292,"env_step":9986048,"value_loss":0.00012122694170102477,"_wandb":{"runtime":162},"ratio":0.9999939799308777,"_timestamp":1.7454291070313125e+09,"approx_kl":1.2013978789582325e-07,"ratio_0":1,"entropy":0.19424471259117126,"actor_loss":-1.893592298074509e-06,"total_loss":0.00011933335190406069,"returns":1.9999998807907104,"_step":1219}