{"clip_frac":0,"_wandb":{"runtime":177},"actor_loss":-7.888302775427292e-07,"_timestamp":1.7454281728104484e+09,"value_loss":0.0008658154984004796,"total_loss":0.0008650266681797802,"approx_kl":9.559294511518601e-08,"_step":1219,"win_rate":0.9729729890823364,"returns":1.97198486328125,"ratio":0.9999961853027344,"_runtime":177.046644668,"ratio_0":1,"env_step":9986048,"entropy":0.07275879383087158}